{
  "model_name": "HybridEnsemble_NIDS_V3",
  "version": "3.0",
  "created_at": "2026-01-19T11:42:15.837117",
  "description": "Hybrid Ensemble (Stacking + Soft Voting) for Network Intrusion Detection",
  "base_models": [
    "Gradient Boosting",
    "XGBoost",
    "Random Forest",
    "LightGBM"
  ],
  "meta_learner": "RandomForestClassifier",
  "voting_weights": {
    "Gradient Boosting": 0.2504616062603121,
    "XGBoost": 0.25023737748499336,
    "Random Forest": 0.24986067071940388,
    "LightGBM": 0.24944034528293546
  },
  "performance": {
    "accuracy": 0.991375,
    "precision": 0.9972766406044101,
    "recall": 0.9898109165192696,
    "f1_score": 0.993529753755556,
    "mcc": 0.9806610161110142,
    "auc_roc": 0.9989146996890846
  },
  "num_features": 41,
  "classes": [
    "Benign (0)",
    "Attack (1)"
  ]
}